,id,player_name,games,time,goals,xG,assists,xA,shots,key_passes,yellow_cards,red_cards,position,team_title,npg,npxG,xGChain,xGBuildup,team_short
0,2381.0,Rodrigo,2.0,157.0,3.0,1.552031859755516,0.0,0.41605374217033386,8.0,3.0,0.0,0.0,M,Leeds,3.0,1.552031859755516,0.8921124115586281,0.10923817753791809,LEE
1,239.0,Pascal Groß,2.0,180.0,2.0,1.735150158405304,0.0,0.3459253776818514,4.0,5.0,0.0,0.0,D M,Brighton,2.0,1.735150158405304,2.2079639434814453,0.20498277992010117,BHA
2,773.0,Aleksandar Mitrovic,2.0,180.0,2.0,1.815388023853302,0.0,0.14822591096162796,7.0,2.0,1.0,0.0,F,Fulham,1.0,0.2930503189563751,0.3480568900704384,0.07890216261148453,FUL
3,5543.0,Gabriel Jesus,2.0,172.0,2.0,2.03757044672966,2.0,0.5772895812988281,8.0,3.0,0.0,0.0,F,Arsenal,2.0,2.03757044672966,2.103009134531021,0.06567841954529285,ARS
4,7752.0,Gabriel Martinelli,2.0,180.0,2.0,0.9254355058073997,0.0,0.6353156864643097,3.0,5.0,0.0,0.0,M,Arsenal,2.0,0.9254355058073997,1.2616053521633148,0.2773160897195339,ARS
5,8260.0,Erling Haaland,2.0,160.0,2.0,2.387539431452751,1.0,0.41682296991348267,7.0,1.0,0.0,0.0,F,Manchester City,1.0,1.6263704746961594,2.15000057220459,0.10680713504552841,MCI
6,10405.0,Josh Dasilva,2.0,96.0,2.0,0.05962069518864155,0.0,0.0,2.0,0.0,0.0,0.0,M S,Brentford,2.0,0.05962069518864155,0.05962069518864155,0.0,BRE
7,76.0,Fabian Schär,2.0,180.0,1.0,0.06235603243112564,0.0,0.049559593200683594,2.0,1.0,1.0,0.0,D,Newcastle United,1.0,0.06235603243112564,0.6060132384300232,0.6060132384300232,NEW
8,204.0,Granit Xhaka,2.0,180.0,1.0,0.6169639229774475,1.0,0.13669631257653236,2.0,3.0,1.0,0.0,M,Arsenal,1.0,0.6169639229774475,0.8603136092424393,0.12753123603761196,ARS
9,314.0,Ilkay Gündogan,2.0,151.0,1.0,0.591740682721138,0.0,0.23676149547100067,4.0,5.0,0.0,0.0,M,Manchester City,1.0,0.591740682721138,1.121654212474823,0.5067843869328499,MCI
10,343.0,Pierre-Emile Højbjerg,2.0,180.0,1.0,0.02610144577920437,0.0,0.47897231578826904,1.0,3.0,0.0,0.0,M,Tottenham,1.0,0.02610144577920437,1.0731000304222107,0.5680263191461563,TOT
11,447.0,Kevin De Bruyne,2.0,180.0,1.0,0.30265531688928604,2.0,1.0911667048931122,6.0,8.0,0.0,0.0,M,Manchester City,1.0,0.30265531688928604,2.019439220428467,1.117408126592636,MCI
12,468.0,Callum Wilson,2.0,179.0,1.0,0.719353973865509,0.0,0.18924226984381676,4.0,3.0,0.0,0.0,F,Newcastle United,1.0,0.719353973865509,0.9306839369237423,0.022087696939706802,NEW
13,643.0,Eric Dier,2.0,180.0,1.0,0.04380148556083441,0.0,0.0,2.0,0.0,0.0,0.0,D,Tottenham,1.0,0.04380148556083441,0.52265764772892,0.52265764772892,TOT
14,647.0,Harry Kane,2.0,180.0,1.0,0.9726943224668503,0.0,0.8634017109870911,5.0,5.0,0.0,0.0,F,Tottenham,1.0,0.9726943224668503,1.3413122296333313,0.26068365573883057,TOT
15,843.0,James Ward-Prowse,2.0,180.0,1.0,0.09206954017281532,0.0,0.12780749797821045,3.0,3.0,0.0,0.0,M,Southampton,1.0,0.09206954017281532,0.17756711319088936,0.03618669882416725,SOU
16,885.0,Kyle Walker-Peters,2.0,180.0,1.0,0.3093731701374054,0.0,0.08985630422830582,2.0,1.0,0.0,0.0,D,Southampton,1.0,0.3093731701374054,0.4922967776656151,0.0930673023685813,SOU
17,986.0,Danny Ings,2.0,150.0,1.0,0.44144655764102936,0.0,0.015351141802966595,5.0,1.0,2.0,0.0,F,Aston Villa,1.0,0.44144655764102936,0.5335095524787903,0.07671184092760086,AVL
18,998.0,Ivan Toney,2.0,180.0,1.0,0.6440043654292822,2.0,1.0221866965293884,3.0,7.0,0.0,0.0,F,Brentford,1.0,0.6440043654292822,1.0669224858283997,0.049258433282375336,BRE
19,1250.0,Mohamed Salah,1.0,90.0,1.0,0.3917771875858307,0.0,0.5341293215751648,2.0,1.0,0.0,0.0,F,Liverpool,1.0,0.3917771875858307,1.103966236114502,0.7121890187263489,LIV
20,1376.0,Kalidou Koulibaly,2.0,174.0,1.0,0.18063101172447205,0.0,0.0,4.0,0.0,0.0,0.0,D,Chelsea,1.0,0.18063101172447205,0.8146271333098412,0.7953129038214684,CHE
21,1389.0,Jorginho,2.0,166.0,1.0,0.8092512264847755,0.0,0.1928095445036888,2.0,3.0,0.0,0.0,M,Chelsea,0.0,0.0480823889374733,0.8302378356456757,0.5893459320068359,CHE
22,1654.0,Ben Mee,2.0,150.0,1.0,0.5613027811050415,0.0,0.0,1.0,0.0,0.0,0.0,D,Brentford,1.0,0.5613027811050415,0.049258433282375336,0.049258433282375336,BRE
23,2182.0,Jefferson Lerma,2.0,180.0,1.0,0.10186923295259476,0.0,0.0,1.0,0.0,0.0,0.0,D,Bournemouth,1.0,0.10186923295259476,0.02674887701869011,0.02674887701869011,BOU
24,2203.0,Emiliano Buendía,2.0,68.0,1.0,1.0861941576004028,0.0,0.1798135507851839,2.0,4.0,0.0,0.0,S,Aston Villa,1.0,1.0861941576004028,1.2177234888076782,0.13152927160263062,AVL
25,6055.0,Phil Foden,2.0,140.0,1.0,0.5050179362297058,1.0,0.6058176383376122,2.0,4.0,0.0,0.0,F,Manchester City,1.0,0.5050179362297058,1.612565040588379,0.528443019837141,MCI
26,6157.0,Timothy Castagne,2.0,180.0,1.0,0.05584317445755005,0.0,0.0,1.0,0.0,0.0,0.0,D,Leicester,1.0,0.05584317445755005,0.25797075778245926,0.25797075778245926,LEI
27,6552.0,Bryan Mbeumo,2.0,167.0,1.0,0.472263365983963,0.0,0.18568450212478638,4.0,1.0,0.0,0.0,F,Brentford,1.0,0.472263365983963,0.6579478681087494,0.0,BRE
28,6691.0,Dejan Kulusevski,2.0,178.0,1.0,0.18736779689788818,1.0,0.5757936835289001,2.0,3.0,0.0,0.0,M,Tottenham,1.0,0.18736779689788818,1.1588877439498901,0.3957262337207794,TOT
29,6818.0,James Maddison,2.0,180.0,1.0,0.391410157084465,1.0,0.17210227251052856,8.0,6.0,0.0,0.0,M,Leicester,1.0,0.391410157084465,0.49405084550380707,0.17260297387838364,LEI
30,6837.0,Ryan Sessegnon,2.0,128.0,1.0,0.7440012693405151,0.0,0.0,3.0,0.0,1.0,0.0,D,Tottenham,1.0,0.7440012693405151,0.7840229868888855,0.7030852437019348,TOT
31,7166.0,Mathias Jensen,2.0,138.0,1.0,0.24556733667850494,1.0,0.07406882755458355,2.0,2.0,0.0,0.0,M,Brentford,1.0,0.24556733667850494,0.5179926976561546,0.3847060725092888,BRE
32,7814.0,Taiwo Awoniyi,2.0,100.0,1.0,0.6513748168945312,0.0,0.0,2.0,0.0,0.0,0.0,F S,Nottingham Forest,1.0,0.6513748168945312,0.7125419974327087,0.06116717681288719,NOT
33,8067.0,Reece James,2.0,180.0,1.0,0.5528696477413177,0.0,0.6351079642772675,4.0,4.0,2.0,0.0,D,Chelsea,1.0,0.5528696477413177,1.7297633290290833,1.2622076272964478,CHE
34,8291.0,Daniel Podence,2.0,180.0,1.0,0.5214158147573471,0.0,0.1682448387145996,4.0,4.0,1.0,0.0,M,Wolverhampton Wanderers,1.0,0.5214158147573471,1.1367392838001251,0.5135027542710304,WOL
35,9739.0,Kiernan Dewsbury-Hall,2.0,164.0,1.0,0.047836149111390114,0.0,0.013236209750175476,2.0,1.0,0.0,0.0,M,Leicester,1.0,0.047836149111390114,0.2372661456465721,0.19745632261037827,LEI
36,10720.0,Darwin Núñez,1.0,37.0,1.0,1.672695517539978,1.0,0.49157100915908813,4.0,2.0,0.0,0.0,S,Liverpool,1.0,1.672695517539978,2.164266586303711,0.0,LIV
37,10743.0,Kieffer Moore,2.0,180.0,1.0,0.02723807282745838,0.0,0.042054176330566406,1.0,1.0,0.0,0.0,F,Bournemouth,1.0,0.02723807282745838,0.3910760283470154,0.349021852016449,BOU
38,10766.0,Joe Ayodele-Aribo,2.0,115.0,1.0,0.8217397443950176,0.0,0.0,4.0,0.0,0.0,0.0,F S,Southampton,1.0,0.8217397443950176,0.8560342416167259,0.0342944972217083,SOU
39,87.0,Joelinton,2.0,180.0,0.0,0.24106530845165253,1.0,0.3056807108223438,3.0,4.0,1.0,0.0,M,Newcastle United,0.0,0.24106530845165253,1.2397591695189476,1.0329992473125458,NEW
40,101.0,Allan Saint-Maximin,2.0,167.0,0.0,0.3583967685699463,0.0,0.06375740841031075,4.0,2.0,1.0,0.0,F,Newcastle United,0.0,0.3583967685699463,1.2000244334340096,0.928128182888031,NEW
41,229.0,Thiago Alcántara,1.0,53.0,0.0,0.0,0.0,0.061388105154037476,0.0,1.0,0.0,0.0,M,Liverpool,0.0,0.0,0.07826588302850723,0.016877776011824608,LIV
42,332.0,Joel Matip,1.0,90.0,0.0,0.0,0.0,0.0,0.0,0.0,0.0,0.0,D,Liverpool,0.0,0.0,0.13354934751987457,0.13354934751987457,LIV
43,448.0,Ivan Perisic,2.0,30.0,0.0,0.0,1.0,0.5450994968414307,0.0,2.0,0.0,0.0,S,Tottenham,0.0,0.0,0.2731170654296875,0.2731170654296875,TOT
44,453.0,Son Heung-Min,2.0,172.0,0.0,0.7890568971633911,1.0,0.26688758190721273,6.0,5.0,0.0,0.0,M,Tottenham,0.0,0.7890568971633911,1.0613053143024445,0.16515900194644928,TOT
45,458.0,Steve Cook,1.0,8.0,0.0,0.0,0.0,0.0,0.0,0.0,0.0,0.0,S,Nottingham Forest,0.0,0.0,0.0,0.0,NOT
46,463.0,Junior Stanislas,2.0,24.0,0.0,0.02674887701869011,0.0,0.0,1.0,0.0,0.0,0.0,S,Bournemouth,0.0,0.02674887701869011,0.02674887701869011,0.02674887701869011,BOU
47,473.0,Danny Ward,2.0,180.0,0.0,0.0,0.0,0.0,0.0,0.0,0.0,0.0,GK,Leicester,0.0,0.0,0.1150166466832161,0.1150166466832161,LEI
48,482.0,Roberto Firmino,1.0,53.0,0.0,0.0,0.0,0.0,0.0,0.0,0.0,0.0,F,Liverpool,0.0,0.0,0.016877776011824608,0.016877776011824608,LIV
49,486.0,Adam Lallana,2.0,145.0,0.0,0.5104067921638489,0.0,0.18692520260810852,2.0,3.0,0.0,0.0,M,Brighton,0.0,0.5104067921638489,0.778181254863739,0.0981891006231308,BHA
50,488.0,Philippe Coutinho,2.0,148.0,0.0,0.0579199455678463,0.0,0.03658315911889076,2.0,1.0,1.0,0.0,F M,Aston Villa,0.0,0.0579199455678463,0.1948309987783432,0.1369110494852066,AVL
51,489.0,James Milner,1.0,29.0,0.0,0.0,0.0,0.0,0.0,0.0,0.0,0.0,S,Liverpool,0.0,0.0,0.11667156964540482,0.11667156964540482,LIV
52,500.0,Alex Iwobi,2.0,180.0,0.0,0.0,0.0,0.24449757486581802,0.0,4.0,0.0,0.0,M,Everton,0.0,0.0,0.2207765206694603,0.041634414345026016,EVE
53,501.0,Danny Welbeck,2.0,180.0,0.0,0.4828331619501114,1.0,0.6412820145487785,6.0,4.0,0.0,0.0,F,Brighton,0.0,0.4828331619501114,1.6545191407203674,0.5465325899422169,BHA
54,508.0,Calum Chambers,1.0,1.0,0.0,0.0,0.0,0.0,0.0,0.0,0.0,0.0,S,Aston Villa,0.0,0.0,0.0,0.0,AVL
55,522.0,Wilfried Zaha,1.0,90.0,0.0,0.028413565829396248,0.0,0.44529661536216736,1.0,2.0,0.0,0.0,M,Crystal Palace,0.0,0.028413565829396248,0.5628265142440796,0.08911634981632233,CRY
56,531.0,Michail Antonio,2.0,133.0,0.0,0.335870198905468,0.0,0.03595101833343506,4.0,2.0,0.0,0.0,F,West Ham,0.0,0.335870198905468,0.26104286313056946,0.0,WHU
57,534.0,Aaron Cresswell,2.0,180.0,0.0,0.05493675172328949,0.0,0.3623794913291931,1.0,6.0,0.0,0.0,D,West Ham,0.0,0.05493675172328949,0.3313443660736084,0.2850900888442993,WHU
58,535.0,Manuel Lanzini,2.0,79.0,0.0,0.04420832544565201,0.0,0.0,2.0,0.0,0.0,0.0,M S,West Ham,0.0,0.04420832544565201,0.04420832544565201,0.0,WHU
59,546.0,David de Gea,2.0,180.0,0.0,0.0,0.0,0.0,0.0,0.0,0.0,0.0,GK,Manchester United,0.0,0.0,0.18259703367948532,0.18259703367948532,MUN
60,556.0,Marcus Rashford,2.0,180.0,0.0,0.48969724774360657,0.0,0.1520893480628729,5.0,3.0,1.0,0.0,F M,Manchester United,0.0,0.48969724774360657,0.8464244306087494,0.2233073115348816,MUN
61,558.0,Jesse Lingard,2.0,180.0,0.0,0.20617923140525818,0.0,0.10353113524615765,2.0,3.0,0.0,0.0,M,Nottingham Forest,0.0,0.20617923140525818,0.35245783627033234,0.10391463711857796,NOT
62,579.0,Nathan Aké,2.0,180.0,0.0,0.09708247054368258,0.0,0.0,3.0,0.0,0.0,0.0,D,Manchester City,0.0,0.09708247054368258,1.2087125182151794,1.2087125182151794,MCI
63,586.0,John Stones,1.0,22.0,0.0,0.0,0.0,0.0,0.0,0.0,0.0,0.0,S,Manchester City,0.0,0.0,0.0,0.0,MCI
64,603.0,Nathaniel Clyne,1.0,90.0,0.0,0.0,0.0,0.06403308361768723,0.0,1.0,1.0,0.0,D,Crystal Palace,0.0,0.0,0.47557032108306885,0.47557032108306885,CRY
65,605.0,Jordan Henderson,1.0,90.0,0.0,0.03935473412275314,0.0,0.5538455247879028,2.0,2.0,0.0,0.0,M,Liverpool,0.0,0.03935473412275314,1.2995939254760742,0.729066789150238,LIV
66,618.0,Raheem Sterling,2.0,177.0,0.0,0.768836036324501,1.0,0.5696330368518829,5.0,4.0,0.0,0.0,F,Chelsea,0.0,0.768836036324501,1.421064853668213,0.11044614389538765,CHE
67,620.0,Kelechi Iheanacho,1.0,16.0,0.0,0.04041978716850281,1.0,0.2090214341878891,1.0,3.0,0.0,0.0,S,Leicester,0.0,0.04041978716850281,0.16990657150745392,0.0,LEI
68,631.0,Ashley Young,1.0,1.0,0.0,0.0,0.0,0.0,0.0,0.0,1.0,0.0,S,Aston Villa,0.0,0.0,0.0,0.0,AVL
69,637.0,Hugo Lloris,2.0,180.0,0.0,0.0,0.0,0.0,0.0,0.0,0.0,0.0,GK,Tottenham,0.0,0.0,0.8538821339607239,0.8538821339607239,TOT
70,638.0,Kyle Walker,2.0,176.0,0.0,0.0,0.0,0.022680599242448807,0.0,1.0,0.0,0.0,D,Manchester City,0.0,0.0,1.239457607269287,1.2167770117521286,MCI
71,645.0,Dele Alli,2.0,26.0,0.0,0.0,0.0,0.0,0.0,0.0,0.0,0.0,S,Everton,0.0,0.0,0.0,0.0,EVE
72,646.0,Christian Eriksen,2.0,180.0,0.0,0.54652538895607,0.0,0.13961713016033173,5.0,3.0,0.0,0.0,F M,Manchester United,0.0,0.54652538895607,1.1724655032157898,0.4960653856396675,MUN
73,652.0,Kieran Trippier,2.0,180.0,0.0,0.0519057996571064,0.0,0.17883357778191566,1.0,3.0,0.0,0.0,D,Newcastle United,0.0,0.0519057996571064,0.3028050661087036,0.3028050661087036,NEW
74,660.0,Ben Davies,2.0,178.0,0.0,0.08745748549699783,1.0,0.03663386404514313,2.0,2.0,0.0,0.0,D,Tottenham,0.0,0.08745748549699783,0.9040179010480642,0.8365743160247803,TOT
75,672.0,Jordan Ayew,1.0,90.0,0.0,0.06403308361768723,0.0,0.10922874510288239,1.0,3.0,0.0,0.0,M,Crystal Palace,0.0,0.06403308361768723,0.173261821269989,0.06403308361768723,CRY
76,675.0,Jack Grealish,2.0,130.0,0.0,0.06065651774406433,0.0,0.7275566607713699,1.0,4.0,0.0,0.0,F S,Manchester City,0.0,0.06065651774406433,1.33579221367836,0.5664341486990452,MCI
77,681.0,César Azpilicueta,2.0,104.0,0.0,0.0,0.0,0.2522071301937103,0.0,2.0,0.0,0.0,D S,Chelsea,0.0,0.0,1.0309018194675446,1.0309018194675446,CHE
78,688.0,Ruben Loftus-Cheek,2.0,106.0,0.0,0.10174742341041565,0.0,0.20210357010364532,1.0,2.0,0.0,0.0,D S,Chelsea,0.0,0.10174742341041565,1.217888593673706,0.9140375852584839,CHE
79,706.0,Lukasz Fabianski,2.0,118.0,0.0,0.0,0.0,0.0,0.0,0.0,0.0,0.0,GK,West Ham,0.0,0.0,0.03215772286057472,0.03215772286057472,WHU
80,741.0,Jordan Pickford,2.0,180.0,0.0,0.0,0.0,0.0,0.0,0.0,0.0,0.0,GK,Everton,0.0,0.0,0.13427555561065674,0.13427555561065674,EVE
81,750.0,Riyad Mahrez,2.0,91.0,0.0,0.07971862703561783,0.0,0.08525678981095552,3.0,3.0,0.0,0.0,F S,Manchester City,0.0,0.07971862703561783,0.5446155816316605,0.5219349712133408,MCI
82,751.0,N&#039;Golo Kanté,2.0,178.0,0.0,0.06859831139445305,0.0,0.18621940165758133,2.0,3.0,0.0,0.0,M,Chelsea,0.0,0.06859831139445305,1.2095941305160522,1.0929133892059326,CHE
83,755.0,Jamie Vardy,2.0,164.0,0.0,0.0,1.0,0.4497641269117594,0.0,2.0,0.0,0.0,F,Leicester,0.0,0.0,0.4667215943336487,0.016957469284534454,LEI
84,757.0,Jeffrey Schlupp,1.0,87.0,0.0,0.15599288046360016,0.0,0.0,3.0,0.0,0.0,0.0,M,Crystal Palace,0.0,0.15599288046360016,0.2200259566307068,0.06403308361768723,CRY
85,759.0,Daniel Amartey,2.0,157.0,0.0,0.011097821407020092,0.0,0.016957469284534454,1.0,1.0,0.0,0.0,D,Leicester,0.0,0.011097821407020092,0.19055137038230896,0.16249607503414154,LEI
86,762.0,Demarai Gray,2.0,174.0,0.0,0.18787521868944168,0.0,0.0622844435274601,3.0,2.0,0.0,0.0,F M,Everton,0.0,0.18787521868944168,0.24168841540813446,0.0,EVE
87,767.0,Jack Colback,1.0,90.0,0.0,0.0,0.0,0.0,0.0,0.0,0.0,0.0,M,Nottingham Forest,0.0,0.0,0.042747460305690765,0.042747460305690765,NOT
88,782.0,Ben Chilwell,1.0,74.0,0.0,0.0,0.0,0.0,0.0,0.0,0.0,0.0,D,Chelsea,0.0,0.0,0.1423172652721405,0.1423172652721405,CHE
89,790.0,Nathan Redmond,1.0,1.0,0.0,0.0,0.0,0.0,0.0,0.0,0.0,0.0,S,Southampton,0.0,0.0,0.0,0.0,SOU
90,807.0,Jonny Evans,2.0,180.0,0.0,0.0,0.0,0.0,0.0,0.0,0.0,0.0,D,Leicester,0.0,0.0,0.20009738951921463,0.20009738951921463,LEI
91,813.0,Salomón Rondón,1.0,23.0,0.0,0.5962281823158264,0.0,0.08984585851430893,1.0,1.0,0.0,0.0,S,Everton,0.0,0.5962281823158264,0.7217705845832825,0.035696592181921005,EVE
92,822.0,Patrick Bamford,2.0,113.0,0.0,0.6494883596897125,0.0,0.0,4.0,0.0,0.0,0.0,F,Leeds,0.0,0.6494883596897125,0.6494883596897125,0.0,LEE
93,825.0,Adam Smith,2.0,180.0,0.0,0.3174240253865719,0.0,0.0,2.0,0.0,2.0,0.0,D,Bournemouth,0.0,0.3174240253865719,0.43091360479593277,0.11348959431052208,BOU
94,833.0,Virgil van Dijk,1.0,90.0,0.0,0.0,0.0,0.0,0.0,0.0,0.0,0.0,D,Liverpool,0.0,0.0,0.5903128385543823,0.5903128385543823,LIV
95,842.0,Oriol Romeu,1.0,77.0,0.0,0.0,0.0,0.0,0.0,0.0,0.0,0.0,M,Southampton,0.0,0.0,0.0,0.0,SOU
96,884.0,Matt Targett,1.0,90.0,0.0,0.0,0.0,0.07664316892623901,0.0,3.0,0.0,0.0,D,Newcastle United,0.0,0.0,0.7427637577056885,0.7158461213111877,NEW
97,900.0,Adama Traoré,1.0,9.0,0.0,0.0,0.0,0.0,0.0,0.0,0.0,0.0,S,Wolverhampton Wanderers,0.0,0.0,0.0,0.0,WOL
98,910.0,Harrison Reed,2.0,180.0,0.0,0.07890216261148453,0.0,0.13977178931236267,1.0,3.0,1.0,0.0,M,Fulham,0.0,0.07890216261148453,0.255680812522769,0.08710415661334991,FUL
99,922.0,Andreas Pereira,2.0,178.0,0.0,0.04672102630138397,0.0,0.08128230646252632,1.0,3.0,0.0,0.0,M,Fulham,0.0,0.04672102630138397,0.20982947200536728,0.11062037758529186,FUL
100,935.0,Kurt Zouma,2.0,180.0,0.0,0.06377439200878143,0.0,0.0,1.0,0.0,0.0,0.0,D,West Ham,0.0,0.06377439200878143,0.03215772286057472,0.03215772286057472,WHU
101,983.0,Kevin Mbabu,1.0,1.0,0.0,0.0,0.0,0.0,0.0,0.0,0.0,0.0,S,Fulham,0.0,0.0,0.0,0.0,FUL
102,985.0,Mason Holgate,2.0,163.0,0.0,0.2787075340747833,0.0,0.04442970082163811,3.0,1.0,1.0,0.0,D S,Everton,0.0,0.2787075340747833,0.23330886662006378,0.18887916952371597,EVE
103,1006.0,Luke Shaw,2.0,140.0,0.0,0.056737061589956284,0.0,0.16698896884918213,1.0,3.0,1.0,0.0,D,Manchester United,0.0,0.056737061589956284,0.17602332681417465,0.03146349638700485,MUN
104,1024.0,Tyrone Mings,1.0,90.0,0.0,0.0,0.0,0.0,0.0,0.0,0.0,0.0,D,Aston Villa,0.0,0.0,0.13152927160263062,0.13152927160263062,AVL
105,1042.0,Tom Davies,1.0,56.0,0.0,0.12319328635931015,0.0,0.0,1.0,0.0,1.0,0.0,S,Everton,0.0,0.12319328635931015,0.08012629300355911,0.08012629300355911,EVE
106,1228.0,Bruno Fernandes,2.0,180.0,0.0,0.17266040295362473,0.0,0.34371565002948046,4.0,3.0,1.0,0.0,M,Manchester United,0.0,0.17266040295362473,0.9285748898983002,0.4654418081045151,MUN
107,1234.0,Dennis Praet,1.0,23.0,0.0,0.0,0.0,0.0,0.0,0.0,0.0,0.0,S,Leicester,0.0,0.0,0.06324876099824905,0.06324876099824905,LEI
108,1257.0,Alisson,1.0,90.0,0.0,0.0,0.0,0.0,0.0,0.0,0.0,0.0,GK,Liverpool,0.0,0.0,0.0,0.0,LIV
109,1665.0,James Tarkowski,2.0,180.0,0.0,0.13074912875890732,0.0,0.28706805408000946,3.0,3.0,0.0,0.0,D,Everton,0.0,0.13074912875890732,0.22058266401290894,0.22058266401290894,EVE
110,1679.0,Dominic Solanke,1.0,90.0,0.0,0.18629740178585052,0.0,0.0,3.0,0.0,0.0,0.0,F,Bournemouth,0.0,0.18629740178585052,0.44857853651046753,0.2622811496257782,BOU
111,1683.0,Ryan Fraser,1.0,7.0,0.0,0.0,0.0,0.05523020401597023,0.0,1.0,0.0,0.0,S,Newcastle United,0.0,0.0,0.05523020401597023,0.05523020401597023,NEW
112,1687.0,Harry Maguire,2.0,180.0,0.0,0.07916619628667831,0.0,0.01832018420100212,1.0,1.0,2.0,0.0,D,Manchester United,0.0,0.07916619628667831,0.5110274590551853,0.5110274590551853,MUN
113,1688.0,Andrew Robertson,1.0,90.0,0.0,0.0,0.0,0.0,0.0,0.0,0.0,0.0,D,Liverpool,0.0,0.0,0.6676786541938782,0.6676786541938782,LIV
114,1711.0,Adam Forshaw,1.0,1.0,0.0,0.0,0.0,0.0,0.0,0.0,0.0,0.0,S,Leeds,0.0,0.0,0.0,0.0,LEE
115,1726.0,Abdoulaye Doucouré,2.0,124.0,0.0,0.09171327203512192,0.0,0.0,2.0,0.0,0.0,0.0,M,Everton,0.0,0.09171327203512192,0.16927340626716614,0.16927340626716614,EVE
116,1735.0,Jack Stephens,2.0,43.0,0.0,0.0,0.0,0.0,0.0,0.0,0.0,0.0,S,Southampton,0.0,0.0,0.04521222040057182,0.04521222040057182,SOU
117,1776.0,Jarrod Bowen,2.0,178.0,0.0,0.1844160072505474,0.0,0.0,2.0,0.0,0.0,0.0,M,West Ham,0.0,0.1844160072505474,0.21883995831012726,0.07353033125400543,WHU
118,1789.0,Lewis Cook,2.0,83.0,0.0,0.0,0.0,0.0,0.0,0.0,0.0,0.0,M S,Bournemouth,0.0,0.0,0.0,0.0,BOU
119,1791.0,Trent Alexander-Arnold,1.0,90.0,0.0,0.0,0.0,0.016877776011824608,0.0,1.0,0.0,0.0,D,Liverpool,0.0,0.0,0.7647606730461121,0.7478829026222229,LIV
120,1801.0,Pontus Jansson,2.0,180.0,0.0,0.0,0.0,0.0,0.0,0.0,0.0,0.0,D,Brentford,0.0,0.0,0.0,0.0,BRE
121,1823.0,Lucas Digne,2.0,180.0,0.0,0.032672181725502014,0.0,0.08875220268964767,1.0,1.0,1.0,0.0,D,Aston Villa,0.0,0.032672181725502014,0.3123444616794586,0.22359225153923035,AVL
122,2163.0,Diego Llorente,2.0,180.0,0.0,0.03725472837686539,0.0,0.0,1.0,0.0,0.0,0.0,D,Leeds,0.0,0.03725472837686539,0.47256481647491455,0.47256481647491455,LEE
123,2190.0,Vicente Guaita,1.0,90.0,0.0,0.0,0.0,0.0,0.0,0.0,0.0,0.0,GK,Crystal Palace,0.0,0.0,0.0250832661986351,0.0250832661986351,CRY
124,2245.0,Raphael Varane,1.0,40.0,0.0,0.0,0.0,0.0,0.0,0.0,0.0,0.0,S,Manchester United,0.0,0.0,0.10779482126235962,0.10779482126235962,MUN
125,2280.0,Jonny,2.0,170.0,0.0,0.03140375390648842,0.0,0.0,2.0,0.0,0.0,0.0,D,Wolverhampton Wanderers,0.0,0.03140375390648842,1.1430695056915283,1.1287895143032074,WOL
126,2310.0,Alphonse Areola,1.0,62.0,0.0,0.0,0.0,0.0,0.0,0.0,0.0,0.0,S,West Ham,0.0,0.0,0.023832671344280243,0.023832671344280243,WHU
127,2328.0,Thomas Partey,2.0,180.0,0.0,0.28007474541664124,0.0,0.05762733146548271,4.0,1.0,0.0,0.0,M,Arsenal,0.0,0.28007474541664124,0.47692549228668213,0.411346435546875,ARS
128,2335.0,Pablo Fornals,2.0,162.0,0.0,0.04165008291602135,0.0,0.08553478494286537,2.0,3.0,0.0,0.0,M,West Ham,0.0,0.04165008291602135,0.7603398226201534,0.7238527461886406,WHU
129,2371.0,Cristiano Ronaldo,2.0,125.0,0.0,0.27183104306459427,0.0,0.13989093899726868,7.0,4.0,0.0,0.0,F S,Manchester United,0.0,0.27183104306459427,0.5288615301251411,0.13981322944164276,MUN
130,2379.0,João Cancelo,2.0,180.0,0.0,0.04253577068448067,0.0,0.1549064964056015,2.0,2.0,1.0,0.0,D,Manchester City,0.0,0.04253577068448067,1.218650609254837,1.1057545244693756,MCI
131,2496.0,Rodri,2.0,180.0,0.0,0.12166327051818371,0.0,0.0,3.0,0.0,0.0,0.0,M,Manchester City,0.0,0.12166327051818371,1.5485149919986725,1.5485149919986725,MCI
132,2517.0,Martin Odegaard,2.0,180.0,0.0,0.15668465197086334,0.0,0.07089275866746902,3.0,1.0,0.0,0.0,M,Arsenal,0.0,0.15668465197086334,1.0324581861495972,0.8515845909714699,ARS
133,2662.0,Christian Pulisic,2.0,19.0,0.0,0.1150658130645752,0.0,0.0,1.0,0.0,0.0,0.0,S,Chelsea,0.0,0.1150658130645752,0.0,0.0,CHE
134,2958.0,Oleksandr Zinchenko,2.0,165.0,0.0,0.11445866897702217,1.0,0.5875208973884583,3.0,2.0,0.0,0.0,D,Arsenal,0.0,0.11445866897702217,0.91153484582901,0.7970762252807617,ARS
135,3278.0,Maxwel Cornet,1.0,2.0,0.0,0.0,0.0,0.0,0.0,0.0,0.0,0.0,S,West Ham,0.0,0.0,0.0,0.0,WHU
136,3288.0,Thiago Silva,2.0,180.0,0.0,0.0,0.0,0.07736031711101532,0.0,1.0,0.0,0.0,D,Chelsea,0.0,0.0,0.06218760460615158,0.06218760460615158,CHE
137,3293.0,Lucas Moura,2.0,7.0,0.0,0.0,0.0,0.0,0.0,0.0,0.0,0.0,S,Tottenham,0.0,0.0,0.0,0.0,TOT
138,3420.0,Fabinho,1.0,61.0,0.0,0.0,0.0,0.0,0.0,0.0,0.0,0.0,M,Liverpool,0.0,0.0,0.016877776011824608,0.016877776011824608,LIV
139,3585.0,Said Benrahma,2.0,119.0,0.0,0.12361317873001099,0.0,0.34590864181518555,4.0,4.0,0.0,0.0,M S,West Ham,0.0,0.12361317873001099,0.5140542015433311,0.1397804468870163,WHU
140,3635.0,Bernardo Silva,2.0,29.0,0.0,0.0,0.0,0.0,0.0,0.0,0.0,0.0,S,Manchester City,0.0,0.0,0.0995681956410408,0.0995681956410408,MCI
141,3697.0,Odsonne Edouard,1.0,59.0,0.0,0.5163685083389282,0.0,0.0,3.0,0.0,0.0,0.0,F,Crystal Palace,0.0,0.5163685083389282,0.1227923110127449,0.0,CRY
142,4381.0,Mateusz Klich,2.0,25.0,0.0,0.0,0.0,0.13403908908367157,0.0,2.0,0.0,0.0,S,Leeds,0.0,0.0,0.09678436070680618,0.0,LEE
143,4401.0,Emiliano Martinez,2.0,180.0,0.0,0.0,0.0,0.0,0.0,0.0,0.0,0.0,GK,Aston Villa,0.0,0.0,0.0,0.0,AVL
144,4419.0,Adam Armstrong,2.0,73.0,0.0,0.05157419666647911,1.0,0.7026887536048889,1.0,1.0,0.0,0.0,F S,Southampton,0.0,0.05157419666647911,0.7707245610654354,0.7191503643989563,SOU
145,4456.0,Chris Wood,2.0,2.0,0.0,0.0,0.0,0.0,0.0,0.0,0.0,0.0,S,Newcastle United,0.0,0.0,0.0,0.0,NEW
146,5050.0,Clement Lenglet,1.0,2.0,0.0,0.0,0.0,0.0,0.0,0.0,0.0,0.0,S,Tottenham,0.0,0.0,0.0,0.0,TOT
147,5086.0,Marc Roca,2.0,165.0,0.0,0.025666622444987297,0.0,0.07862616144120693,1.0,2.0,0.0,0.0,M,Leeds,0.0,0.025666622444987297,0.10429278388619423,0.0,LEE
148,5220.0,Kai Havertz,2.0,174.0,0.0,0.7441459894180298,0.0,0.06632556766271591,5.0,1.0,1.0,0.0,F M,Chelsea,0.0,0.7441459894180298,0.8943381607532501,0.2095670998096466,CHE
149,5221.0,Leon Bailey,2.0,99.0,0.0,0.07671184092760086,0.0,0.4393882639706135,1.0,2.0,0.0,0.0,F S,Aston Villa,0.0,0.07671184092760086,0.6202034503221512,0.10410334914922714,AVL
150,5545.0,Wilfred Ndidi,2.0,180.0,0.0,0.0,0.0,0.0,0.0,0.0,0.0,0.0,M,Leicester,0.0,0.0,0.22824586182832718,0.22824586182832718,LEI
151,5549.0,Luka Milivojevic,1.0,14.0,0.0,0.0,0.0,0.0,0.0,0.0,0.0,0.0,S,Crystal Palace,0.0,0.0,0.0,0.0,CRY
152,5552.0,Nick Pope,2.0,180.0,0.0,0.0,0.0,0.0,0.0,0.0,0.0,0.0,GK,Newcastle United,0.0,0.0,0.5507830381393433,0.5507830381393433,NEW
153,5553.0,Declan Rice,2.0,180.0,0.0,0.8215883933007717,0.0,0.0,2.0,0.0,1.0,0.0,M,West Ham,0.0,0.06041955575346947,0.29247934743762016,0.2320597916841507,WHU
154,5560.0,Scott McTominay,2.0,120.0,0.0,0.0705735832452774,0.0,0.0,1.0,0.0,2.0,0.0,M S,Manchester United,0.0,0.0705735832452774,0.3654688447713852,0.2948952540755272,MUN
155,5590.0,Tosin Adarabioyo,2.0,180.0,0.0,0.0,0.0,0.0,0.0,0.0,0.0,0.0,D,Fulham,0.0,0.0,0.0,0.0,FUL
156,5595.0,Daniel James,1.0,61.0,0.0,0.05866110324859619,0.0,0.0,1.0,0.0,0.0,0.0,S,Leeds,0.0,0.05866110324859619,0.05866110324859619,0.0,LEE
157,5602.0,Sam Surridge,2.0,80.0,0.0,0.1177273839712143,0.0,0.0,2.0,0.0,1.0,0.0,F S,Nottingham Forest,0.0,0.1177273839712143,0.1177273839712143,0.0,NOT
158,5603.0,Aaron Ramsdale,2.0,180.0,0.0,0.0,0.0,0.0,0.0,0.0,0.0,0.0,GK,Arsenal,0.0,0.0,0.05762733146548271,0.05762733146548271,ARS
159,5609.0,Yves Bissouma,2.0,10.0,0.0,0.0619647316634655,0.0,0.008696342818439007,2.0,1.0,1.0,0.0,S,Tottenham,0.0,0.0619647316634655,0.027759842574596405,0.0,TOT
160,5613.0,Gabriel,2.0,180.0,0.0,0.057153090834617615,0.0,0.0,1.0,0.0,0.0,0.0,D,Arsenal,0.0,0.057153090834617615,0.1995379887521267,0.1995379887521267,ARS
161,5646.0,Cafú,1.0,3.0,0.0,0.0,0.0,0.0,0.0,0.0,0.0,0.0,S,Nottingham Forest,0.0,0.0,0.0,0.0,NOT
162,5682.0,Gonçalo Guedes,1.0,30.0,0.0,0.0,0.0,0.0,0.0,0.0,0.0,0.0,S,Wolverhampton Wanderers,0.0,0.0,0.0,0.0,WOL
163,5712.0,Diego Carlos,2.0,180.0,0.0,0.7391799855977297,0.0,0.0,4.0,0.0,0.0,0.0,D,Aston Villa,0.0,0.7391799855977297,0.23807390592992306,0.22052014246582985,AVL
164,5735.0,Jean-Philippe Mateta,1.0,31.0,0.0,0.062172938138246536,0.0,0.0895635187625885,1.0,1.0,0.0,0.0,S,Crystal Palace,0.0,0.062172938138246536,0.21576952934265137,0.06403308361768723,CRY
165,5786.0,Yoane Wissa,2.0,98.0,0.0,0.0937762726098299,0.0,0.0,3.0,0.0,0.0,0.0,F S,Brentford,0.0,0.0937762726098299,0.5073700547218323,0.44257423281669617,BRE
166,5789.0,Boubacar Kamara,2.0,175.0,0.0,0.015612097457051277,0.0,0.0,1.0,0.0,0.0,0.0,M,Aston Villa,0.0,0.015612097457051277,0.657796673476696,0.657796673476696,AVL
167,5956.0,Youri Tielemans,2.0,157.0,0.0,0.0866389349102974,0.0,0.04894941300153732,4.0,1.0,0.0,0.0,M,Leicester,0.0,0.0866389349102974,0.15470141172409058,0.1075328141450882,LEI
168,5973.0,Kenny Tete,2.0,180.0,0.0,0.0,1.0,0.08710415661334991,0.0,1.0,1.0,0.0,D,Fulham,0.0,0.0,0.10132675711065531,0.014222600497305393,FUL
169,5989.0,Moussa Niakhate,2.0,167.0,0.0,0.47078943252563477,0.0,0.0,3.0,0.0,0.0,0.0,D,Nottingham Forest,0.0,0.47078943252563477,0.12722137570381165,0.12722137570381165,NOT
170,6026.0,Richarlison,1.0,30.0,0.0,0.0,0.0,0.0,0.0,0.0,0.0,0.0,S,Tottenham,0.0,0.0,0.0,0.0,TOT
171,6034.0,Philip Billing,2.0,112.0,0.0,0.014949395321309566,0.0,0.02674887701869011,1.0,1.0,1.0,0.0,M S,Bournemouth,0.0,0.014949395321309566,0.02674887701869011,0.02674887701869011,BOU
172,6042.0,Jan Bednarek,2.0,164.0,0.0,0.05424049496650696,0.0,0.09831202030181885,1.0,2.0,0.0,0.0,D,Southampton,0.0,0.05424049496650696,0.04521222040057182,0.04521222040057182,SOU
173,6047.0,Shane Duffy,1.0,1.0,0.0,0.0,0.0,0.0,0.0,0.0,0.0,0.0,S,Fulham,0.0,0.0,0.0,0.0,FUL
174,6048.0,Lewis Dunk,2.0,180.0,0.0,0.023503141477704048,0.0,0.0,1.0,0.0,0.0,0.0,D,Brighton,0.0,0.023503141477704048,0.0,0.0,BHA
175,6049.0,Solly March,2.0,167.0,0.0,0.27171314880251884,0.0,0.41128167510032654,4.0,2.0,1.0,0.0,D M,Brighton,0.0,0.27171314880251884,0.7455442994832993,0.17298253253102303,BHA
176,6054.0,Ederson,2.0,180.0,0.0,0.0,0.0,0.0,0.0,0.0,0.0,0.0,GK,Manchester City,0.0,0.0,0.9490379318594933,0.9490379318594933,MCI
177,6063.0,Jacob Murphy,2.0,14.0,0.0,0.0,0.0,0.0,0.0,0.0,0.0,0.0,S,Newcastle United,0.0,0.0,0.0,0.0,NEW
178,6088.0,Orel Mangala,2.0,100.0,0.0,0.027695516124367714,0.0,0.0,1.0,0.0,0.0,0.0,M S,Nottingham Forest,0.0,0.027695516124367714,0.18838854134082794,0.18838854134082794,NOT
179,6104.0,Will Hughes,1.0,3.0,0.0,0.0,0.0,0.0,0.0,0.0,0.0,0.0,S,Crystal Palace,0.0,0.0,0.0,0.0,CRY
180,6108.0,Rodrigo Bentancur,2.0,170.0,0.0,0.0,0.0,0.0,0.0,0.0,1.0,0.0,M,Tottenham,0.0,0.0,1.5107263624668121,1.5107263624668121,TOT
181,6122.0,Douglas Luiz,1.0,5.0,0.0,0.02600441314280033,0.0,0.0,1.0,0.0,1.0,0.0,S,Aston Villa,0.0,0.02600441314280033,0.037001755088567734,0.010997343808412552,AVL
182,6163.0,Nélson Semedo,1.0,10.0,0.0,0.0,0.0,0.0,0.0,0.0,0.0,0.0,S,Wolverhampton Wanderers,0.0,0.0,0.0,0.0,WOL
183,6253.0,Gianluca Scamacca,2.0,47.0,0.0,0.03015594370663166,0.0,0.0,1.0,0.0,0.0,0.0,S,West Ham,0.0,0.03015594370663166,0.0539886150509119,0.023832671344280243,WHU
184,6273.0,Robin Koch,2.0,180.0,0.0,0.032678086310625076,0.0,0.0,1.0,0.0,0.0,0.0,D,Leeds,0.0,0.032678086310625076,0.44206440448760986,0.44206440448760986,LEE
185,6314.0,Joachim Andersen,1.0,90.0,0.0,0.0,0.0,0.3935762047767639,0.0,1.0,0.0,0.0,D,Crystal Palace,0.0,0.0,0.14484825730323792,0.14484825730323792,CRY
186,6345.0,Jadon Sancho,2.0,154.0,0.0,0.0,0.0,0.21135367825627327,0.0,4.0,0.0,0.0,F M,Manchester United,0.0,0.0,0.5041847229003906,0.29283104091882706,MUN
187,6382.0,Pedro Neto,2.0,171.0,0.0,0.10046856105327606,0.0,0.4378795102238655,3.0,2.0,0.0,0.0,M,Wolverhampton Wanderers,0.0,0.10046856105327606,1.4360997080802917,1.0148683488368988,WOL
188,6424.0,Ben Johnson,2.0,180.0,0.0,0.0,0.0,0.0,0.0,0.0,0.0,0.0,D,West Ham,0.0,0.0,0.21883995831012726,0.21883995831012726,WHU
189,6482.0,Eddie Nketiah,2.0,8.0,0.0,0.07089275866746902,0.0,0.09606436640024185,1.0,1.0,0.0,0.0,S,Arsenal,0.0,0.07089275866746902,0.2245844528079033,0.05762733146548271,ARS
190,6500.0,Romain Perraud,1.0,16.0,0.0,0.0342944972217083,0.0,0.0,1.0,0.0,0.0,0.0,S,Southampton,0.0,0.0342944972217083,0.0342944972217083,0.0,SOU
191,6521.0,Yerry Mina,1.0,79.0,0.0,0.0,0.0,0.0,0.0,0.0,1.0,0.0,D,Everton,0.0,0.0,0.0,0.0,EVE
192,6630.0,Joe Willock,2.0,160.0,0.0,0.2491275668144226,0.0,0.08804192394018173,5.0,1.0,0.0,0.0,M,Newcastle United,0.0,0.2491275668144226,0.6947041302919388,0.41559579968452454,NEW
193,6674.0,Rayan Ait Nouri,2.0,180.0,0.0,0.0,0.0,0.5735280364751816,0.0,4.0,0.0,0.0,D,Wolverhampton Wanderers,0.0,0.0,0.5735280364751816,0.5735280364751816,WOL
194,6736.0,Ibrahima Diallo,1.0,13.0,0.0,0.049223147332668304,0.0,0.0,1.0,0.0,0.0,0.0,S,Southampton,0.0,0.049223147332668304,0.0835176408290863,0.0342944972217083,SOU
195,6756.0,Dwight McNeil,2.0,137.0,0.0,0.1428898572921753,0.0,0.06843873858451843,2.0,2.0,0.0,0.0,F M,Everton,0.0,0.1428898572921753,0.1792043149471283,0.12539111077785492,EVE
196,6817.0,Fred,2.0,105.0,0.0,0.018669476732611656,0.0,0.0,1.0,0.0,0.0,0.0,M,Manchester United,0.0,0.018669476732611656,0.19502800703048706,0.17635852843523026,MUN
197,6827.0,Bobby Reid,2.0,180.0,0.0,0.1685645878314972,0.0,0.06337210536003113,3.0,1.0,1.0,0.0,M,Fulham,0.0,0.1685645878314972,0.20405596308410168,0.10241838358342648,FUL
198,6835.0,Tom Cairney,2.0,3.0,0.0,0.0,0.0,0.0,0.0,0.0,0.0,0.0,S,Fulham,0.0,0.0,0.0,0.0,FUL
199,6840.0,Neeskens Kebano,2.0,153.0,0.0,0.11111321300268173,0.0,0.07890216261148453,3.0,1.0,0.0,0.0,M,Fulham,0.0,0.11111321300268173,0.32763826102018356,0.15906160324811935,FUL
200,6851.0,Conor Coady,1.0,84.0,0.0,0.0,0.0,0.0,0.0,0.0,0.0,0.0,D,Everton,0.0,0.0,0.04441220685839653,0.04441220685839653,EVE
201,6852.0,Matt Doherty,1.0,1.0,0.0,0.0,0.0,0.0,0.0,0.0,0.0,0.0,S,Tottenham,0.0,0.0,0.0,0.0,TOT
202,6853.0,Rúben Neves,2.0,180.0,0.0,0.07130519580096006,0.0,0.13564927875995636,3.0,2.0,1.0,0.0,M,Wolverhampton Wanderers,0.0,0.07130519580096006,0.7785921096801758,0.7225272804498672,WOL
203,6856.0,Rúben Vinagre,1.0,11.0,0.0,0.0,0.0,0.0,0.0,0.0,0.0,0.0,S,Everton,0.0,0.0,0.0,0.0,EVE
204,6857.0,Morgan Gibbs-White,2.0,180.0,0.0,0.5845977663993835,0.0,0.08816811442375183,3.0,1.0,1.0,0.0,M,Wolverhampton Wanderers,0.0,0.5845977663993835,0.5451215952634811,0.0,WOL
205,6880.0,Edouard Mendy,2.0,180.0,0.0,0.0,0.0,0.0,0.0,0.0,1.0,0.0,GK,Chelsea,0.0,0.0,0.3928179442882538,0.3928179442882538,CHE
206,6888.0,William Saliba,2.0,180.0,0.0,0.0,0.0,0.0,0.0,0.0,0.0,0.0,D,Arsenal,0.0,0.0,0.4003026708960533,0.4003026708960533,ARS
207,6893.0,Stuart Armstrong,2.0,107.0,0.0,0.10786373168230057,0.0,0.05424049496650696,2.0,1.0,0.0,0.0,M S,Southampton,0.0,0.10786373168230057,0.10786373168230057,0.0,SOU
208,6894.0,Mohamed Elyounoussi,1.0,65.0,0.0,0.0505475215613842,0.0,0.0,2.0,0.0,0.0,0.0,F,Southampton,0.0,0.0505475215613842,0.14040382206439972,0.08985630422830582,SOU
209,6923.0,Mohammed Salisu,2.0,180.0,0.0,0.04428984597325325,0.0,0.04521222040057182,1.0,1.0,1.0,0.0,D,Southampton,0.0,0.04428984597325325,0.8542189113795757,0.8090066909790039,SOU
210,7078.0,Sean Longstaff,2.0,20.0,0.0,0.0,0.0,0.4005250930786133,0.0,1.0,0.0,0.0,S,Newcastle United,0.0,0.0,0.4005250930786133,0.0,NEW
211,7083.0,Christian Nørgaard,2.0,158.0,0.0,0.0,0.0,0.028472090139985085,0.0,1.0,0.0,0.0,M,Brentford,0.0,0.0,0.5933184865862131,0.5933184865862131,BRE
212,7134.0,Marc Cucurella,2.0,96.0,0.0,0.11313358694314957,1.0,0.3948899805545807,2.0,2.0,1.0,0.0,D S,Chelsea,0.0,0.11313358694314957,0.3962695114314556,0.34946149587631226,CHE
213,7184.0,Tim Ream,2.0,180.0,0.0,0.0,0.0,0.0,0.0,0.0,0.0,0.0,D,Fulham,0.0,0.0,0.1532624214887619,0.1532624214887619,FUL
214,7218.0,Cristian Romero,2.0,180.0,0.0,0.12508802115917206,0.0,0.0,2.0,0.0,0.0,0.0,D,Tottenham,0.0,0.12508802115917206,1.1323820054531097,1.1323820054531097,TOT
215,7230.0,Emile Smith-Rowe,1.0,2.0,0.0,0.0,0.0,0.07073551416397095,0.0,1.0,0.0,0.0,S,Arsenal,0.0,0.0,0.0,0.0,ARS
216,7236.0,Leander Dendoncker,2.0,180.0,0.0,0.5236702561378479,0.0,0.013587231747806072,3.0,1.0,0.0,0.0,M,Wolverhampton Wanderers,0.0,0.5236702561378479,1.042176514863968,0.5930871814489365,WOL
217,7239.0,Conor Coventry,1.0,1.0,0.0,0.0,0.0,0.0,0.0,0.0,0.0,0.0,S,West Ham,0.0,0.0,0.0,0.0,WHU
218,7280.0,Yan Valery,1.0,48.0,0.0,0.0,0.0,0.0,0.0,0.0,0.0,0.0,D,Southampton,0.0,0.0,0.0,0.0,SOU
219,7281.0,Diogo Dalot,2.0,180.0,0.0,0.5256788954138756,0.0,0.13048368319869041,3.0,4.0,0.0,0.0,D,Manchester United,0.0,0.5256788954138756,0.6131331026554108,0.38466228544712067,MUN
220,7298.0,Ben White,2.0,169.0,0.0,0.0,0.0,0.07888688892126083,0.0,1.0,1.0,0.0,D,Arsenal,0.0,0.0,0.6347508057951927,0.5558639168739319,ARS
221,7322.0,Bukayo Saka,2.0,178.0,0.0,0.3115924522280693,0.0,0.307903528213501,4.0,3.0,0.0,0.0,M,Arsenal,0.0,0.3115924522280693,0.72832852602005,0.18289118260145187,ARS
222,7332.0,Max Kilman,2.0,180.0,0.0,0.06105191260576248,0.0,0.0,1.0,0.0,0.0,0.0,D,Wolverhampton Wanderers,0.0,0.06105191260576248,0.4479457512497902,0.4479457512497902,WOL
223,7352.0,Tyler Adams,2.0,180.0,0.0,0.015242225490510464,0.0,0.028160689398646355,1.0,1.0,1.0,0.0,M,Leeds,0.0,0.015242225490510464,0.21864749304950237,0.19048680365085602,LEE
224,7382.0,Dan Burn,2.0,180.0,0.0,0.23797790333628654,0.0,0.022218165919184685,5.0,1.0,0.0,0.0,D,Newcastle United,0.0,0.23797790333628654,0.6198669075965881,0.5880640149116516,NEW
225,7384.0,Chris Mepham,2.0,180.0,0.0,0.0,0.0,0.0,0.0,0.0,1.0,0.0,D,Bournemouth,0.0,0.0,0.02674887701869011,0.02674887701869011,BOU
226,7420.0,Miguel Almirón,2.0,173.0,0.0,0.10553499311208725,0.0,0.265885591506958,2.0,2.0,0.0,0.0,F,Newcastle United,0.0,0.10553499311208725,0.39350829273462296,0.17234563827514648,NEW
227,7430.0,Emerson,2.0,174.0,0.0,0.16674575209617615,1.0,0.21462766826152802,3.0,2.0,0.0,0.0,D,Tottenham,0.0,0.16674575209617615,1.4900455474853516,1.1086721420288086,TOT
228,7546.0,Harvey Elliott,1.0,37.0,0.0,0.0,0.0,0.016681650653481483,0.0,1.0,0.0,0.0,S,Liverpool,0.0,0.0,0.13335321843624115,0.11667156964540482,LIV
229,7582.0,Mark Travers,2.0,180.0,0.0,0.0,0.0,0.0,0.0,0.0,0.0,0.0,GK,Bournemouth,0.0,0.0,0.2890300266444683,0.2890300266444683,BOU
230,7589.0,Wesley Fofana,2.0,180.0,0.0,0.4368089148774743,0.0,0.0,2.0,0.0,1.0,0.0,D,Leicester,0.0,0.4368089148774743,0.7555931657552719,0.33240264654159546,LEI
231,7603.0,Marc Guehi,1.0,90.0,0.0,0.0,0.0,0.0,0.0,0.0,0.0,0.0,D,Crystal Palace,0.0,0.0,0.15128928422927856,0.15128928422927856,CRY
232,7689.0,Ben Godfrey,1.0,17.0,0.0,0.0,0.0,0.0,0.0,0.0,0.0,0.0,D,Everton,0.0,0.0,0.0,0.0,EVE
233,7698.0,Leandro Trossard,2.0,154.0,0.0,0.18535444885492325,0.0,0.1600612998008728,4.0,2.0,1.0,0.0,D,Brighton,0.0,0.18535444885492325,1.0715991109609604,0.7539879083633423,BHA
234,7699.0,Adam Webster,2.0,180.0,0.0,0.02780456468462944,0.0,0.0,1.0,0.0,0.0,0.0,D,Brighton,0.0,0.02780456468462944,0.49145089089870453,0.49145089089870453,BHA
235,7700.0,Che Adams,1.0,90.0,0.0,0.011730432510375977,0.0,0.013560584746301174,1.0,1.0,0.0,0.0,F,Southampton,0.0,0.011730432510375977,1.096614122390747,1.0713231563568115,SOU
236,7701.0,Moussa Djenepo,2.0,164.0,0.0,0.08541289716959,1.0,0.0811503417789936,1.0,3.0,0.0,0.0,D,Southampton,0.0,0.08541289716959,0.7838390916585922,0.7191503643989563,SOU
237,7702.0,Dean Henderson,2.0,180.0,0.0,0.0,0.0,0.0,0.0,0.0,1.0,0.0,GK,Nottingham Forest,0.0,0.0,0.12722137570381165,0.12722137570381165,NOT
238,7723.0,John McGinn,2.0,180.0,0.0,0.09800729155540466,0.0,0.6558329463005066,5.0,2.0,0.0,0.0,M,Aston Villa,0.0,0.09800729155540466,1.449604094028473,1.4084442369639874,AVL
239,7726.0,Ezri Konsa Ngoyo,2.0,91.0,0.0,0.0,0.0,0.0,0.0,0.0,0.0,0.0,D S,Aston Villa,0.0,0.0,0.06019921228289604,0.06019921228289604,AVL
240,7753.0,James Justin,2.0,180.0,0.0,0.0,0.0,0.038089554756879807,0.0,1.0,0.0,0.0,D,Leicester,0.0,0.0,0.16221610456705093,0.12412655353546143,LEI
241,7768.0,Mason Mount,2.0,164.0,0.0,0.26223456859588623,0.0,0.10174742341041565,4.0,1.0,0.0,0.0,F M,Chelsea,0.0,0.26223456859588623,0.5959094762802124,0.25977786630392075,CHE
242,7823.0,Jack Stacey,1.0,90.0,0.0,0.0,0.0,0.0,0.0,0.0,1.0,0.0,D,Bournemouth,0.0,0.0,0.02674887701869011,0.02674887701869011,BOU
243,7931.0,Takehiro Tomiyasu,1.0,11.0,0.0,0.0,0.0,0.0,0.0,0.0,1.0,0.0,S,Arsenal,0.0,0.0,0.07901386171579361,0.07901386171579361,ARS
244,8089.0,Kieran Tierney,2.0,15.0,0.0,0.0,0.0,0.0,0.0,0.0,0.0,0.0,S,Arsenal,0.0,0.0,0.05762733146548271,0.05762733146548271,ARS
245,8090.0,Lloyd Kelly,2.0,180.0,0.0,0.0,1.0,0.02723807282745838,0.0,1.0,0.0,0.0,D,Bournemouth,0.0,0.0,0.02674887701869011,0.02674887701869011,BOU
246,8150.0,Anthony Gordon,2.0,180.0,0.0,0.16522877663373947,0.0,0.0,4.0,0.0,0.0,0.0,F,Everton,0.0,0.16522877663373947,0.24539978057146072,0.08017101138830185,EVE
247,8204.0,Neco Williams,2.0,180.0,0.0,0.7083342596888542,0.0,0.5673655495047569,5.0,3.0,1.0,0.0,D M,Nottingham Forest,0.0,0.7083342596888542,0.9573123604059219,0.12722137570381165,NOT
248,8214.0,Tyrick Mitchell,1.0,90.0,0.0,0.0,0.0,0.0,0.0,0.0,0.0,0.0,D,Crystal Palace,0.0,0.0,0.15128928422927856,0.15128928422927856,CRY
249,8226.0,Tariq Lamptey,2.0,26.0,0.0,0.0,0.0,0.0,0.0,0.0,0.0,0.0,S,Brighton,0.0,0.0,0.0,0.0,BHA
250,8288.0,Tomas Soucek,2.0,180.0,0.0,0.5913617610931396,0.0,0.0,4.0,0.0,0.0,0.0,M,West Ham,0.0,0.5913617610931396,0.5198111496865749,0.03588327392935753,WHU
251,8327.0,Bruno Guimarães,2.0,180.0,0.0,0.01733291521668434,0.0,0.2828972339630127,1.0,3.0,0.0,0.0,M,Newcastle United,0.0,0.01733291521668434,1.1670303344726562,0.9308502078056335,NEW
252,8379.0,Alexis Mac Allister,2.0,180.0,0.0,0.06376979500055313,0.0,0.0,4.0,0.0,1.0,0.0,M,Brighton,0.0,0.06376979500055313,0.5931487865746021,0.5293789505958557,BHA
253,8384.0,Armando Broja,2.0,7.0,0.0,0.046084895730018616,0.0,0.0,1.0,0.0,0.0,0.0,S,Chelsea,0.0,0.046084895730018616,0.0,0.0,CHE
254,8497.0,Cole Palmer,1.0,1.0,0.0,0.0,0.0,0.0,0.0,0.0,0.0,0.0,S,Manchester City,0.0,0.0,0.0,0.0,MCI
255,8635.0,Sven Botman,2.0,91.0,0.0,0.0,0.0,0.0,0.0,0.0,0.0,0.0,D S,Newcastle United,0.0,0.0,0.0,0.0,NEW
256,8666.0,Cheick Oumar Doucoure,1.0,76.0,0.0,0.0,0.0,0.0,0.0,0.0,0.0,0.0,M,Crystal Palace,0.0,0.0,0.05573191121220589,0.05573191121220589,CRY
257,8704.0,Marek Rodák,2.0,180.0,0.0,0.0,0.0,0.0,0.0,0.0,0.0,0.0,GK,Fulham,0.0,0.0,0.0,0.0,FUL
258,8706.0,Eberechi Eze,1.0,87.0,0.0,0.3831236958503723,0.0,0.0,1.0,0.0,0.0,0.0,M,Crystal Palace,0.0,0.3831236958503723,0.565061628818512,0.18193793296813965,CRY
259,8715.0,Illan Meslier,2.0,180.0,0.0,0.0,0.0,0.0,0.0,0.0,0.0,0.0,GK,Leeds,0.0,0.0,0.0,0.0,LEE
260,8717.0,Pascal Struijk,2.0,180.0,0.0,0.12758054211735725,1.0,0.8039353489875793,2.0,1.0,0.0,0.0,D,Leeds,0.0,0.12758054211735725,0.5272346436977386,0.5272346436977386,LEE
261,8719.0,Kalvin Phillips,1.0,1.0,0.0,0.0,0.0,0.0,0.0,0.0,0.0,0.0,S,Manchester City,0.0,0.0,0.0,0.0,MCI
262,8720.0,Jack Harrison,2.0,178.0,0.0,0.0,2.0,1.200662910938263,0.0,11.0,2.0,0.0,M,Leeds,0.0,0.0,1.1823768019676208,0.22256910800933838,LEE
263,8780.0,Joël Veltman,2.0,180.0,0.0,0.054591208696365356,0.0,0.0,1.0,0.0,0.0,0.0,D,Brighton,0.0,0.054591208696365356,0.06768374145030975,0.06768374145030975,BHA
264,8821.0,Donny van de Beek,2.0,11.0,0.0,0.0,0.0,0.0,0.0,0.0,0.0,0.0,S,Manchester United,0.0,0.0,0.11543387919664383,0.11543387919664383,MUN
265,8845.0,Hee-Chan Hwang,2.0,147.0,0.0,0.1839580237865448,1.0,0.5283135771751404,3.0,2.0,0.0,0.0,F,Wolverhampton Wanderers,0.0,0.1839580237865448,1.2573931813240051,0.5451215952634811,WOL
266,8864.0,Matthew Cash,2.0,180.0,0.0,0.016840584576129913,0.0,0.0,1.0,0.0,0.0,0.0,D,Aston Villa,0.0,0.016840584576129913,0.21616096049547195,0.19932038336992264,AVL
267,8865.0,Ollie Watkins,2.0,111.0,0.0,0.5063844323158264,2.0,1.1610483098775148,2.0,3.0,0.0,0.0,F S,Aston Villa,0.0,0.5063844323158264,1.7595904041081667,0.09215766191482544,AVL
268,8940.0,Antonee Robinson,2.0,180.0,0.0,0.014222600497305393,0.0,0.07195744663476944,1.0,1.0,0.0,0.0,D,Fulham,0.0,0.014222600497305393,0.10969626903533936,0.023516220971941948,FUL
269,8941.0,Jacob Ramsey,2.0,139.0,0.0,0.058885879814624786,0.0,0.2149045765399933,2.0,3.0,1.0,0.0,M,Aston Villa,0.0,0.058885879814624786,0.3687365651130676,0.20824111253023148,AVL
270,8942.0,Aaron Hickey,2.0,169.0,0.0,0.04249813035130501,0.0,0.0,1.0,0.0,0.0,0.0,D,Brentford,0.0,0.04249813035130501,0.0,0.0,BRE
271,8961.0,Rúben Dias,2.0,158.0,0.0,0.014141738414764404,0.0,0.0,1.0,0.0,0.0,0.0,D,Manchester City,0.0,0.014141738414764404,1.169123187661171,1.169123187661171,MCI
272,8965.0,Vladimir Coufal,2.0,180.0,0.0,0.049451589584350586,0.0,0.023832671344280243,2.0,1.0,0.0,0.0,D,West Ham,0.0,0.049451589584350586,0.17460476607084274,0.10132050514221191,WHU
273,8970.0,Sékou Mara,1.0,16.0,0.0,0.013560584746301174,1.0,0.278778076171875,1.0,1.0,0.0,0.0,S,Southampton,0.0,0.013560584746301174,0.29233866930007935,0.0,SOU
274,9040.0,Conor Gallagher,2.0,3.0,0.0,0.0,0.0,0.10781967639923096,0.0,1.0,0.0,0.0,S,Chelsea,0.0,0.0,0.10781967639923096,0.0,CHE
275,9098.0,Robert Sánchez,2.0,180.0,0.0,0.0,0.0,0.0,0.0,0.0,0.0,0.0,GK,Brighton,0.0,0.0,0.016128625720739365,0.016128625720739365,BHA
276,9339.0,Joe Gelhardt,1.0,4.0,0.0,0.0,0.0,0.0,0.0,0.0,0.0,0.0,S,Leeds,0.0,0.0,0.0,0.0,LEE
277,9453.0,Moisés Caicedo,2.0,180.0,0.0,0.014622961170971394,0.0,0.11883195117115974,1.0,4.0,0.0,0.0,M,Brighton,0.0,0.014622961170971394,1.4631006121635437,1.406779408454895,BHA
278,9492.0,Crysencio Summerville,1.0,3.0,0.0,0.0,0.0,0.0,0.0,0.0,0.0,0.0,S,Leeds,0.0,0.0,0.0,0.0,LEE
279,9493.0,Sam Greenwood,1.0,15.0,0.0,0.1371113508939743,0.0,0.0,2.0,0.0,0.0,0.0,S,Leeds,0.0,0.1371113508939743,0.5054292678833008,0.41390371322631836,LEE
280,9501.0,Fabio Carvalho,1.0,10.0,0.0,0.05921857804059982,0.0,0.0,1.0,0.0,0.0,0.0,S,Liverpool,0.0,0.05921857804059982,0.0,0.0,LIV
281,9524.0,Anthony Elanga,2.0,27.0,0.0,0.0,0.0,0.023423543199896812,0.0,1.0,0.0,0.0,S,Manchester United,0.0,0.0,0.023423543199896812,0.0,MUN
282,9552.0,Tyrese Francois,1.0,1.0,0.0,0.0,0.0,0.0,0.0,0.0,0.0,0.0,S,Fulham,0.0,0.0,0.0,0.0,FUL
283,9667.0,Amadou Onana,1.0,6.0,0.0,0.08984585851430893,0.0,0.0,1.0,0.0,0.0,0.0,S,Everton,0.0,0.08984585851430893,0.08984585851430893,0.0,EVE
284,9676.0,David Raya,2.0,180.0,0.0,0.0,0.0,0.0,0.0,0.0,0.0,0.0,GK,Brentford,0.0,0.0,0.015537380240857601,0.015537380240857601,BRE
285,9679.0,Rico Henry,2.0,180.0,0.0,0.08589158207178116,1.0,0.44257423281669617,3.0,1.0,0.0,0.0,D,Brentford,0.0,0.08589158207178116,0.5337769873440266,0.049258433282375336,BRE
286,9680.0,Vitaly Janelt,2.0,114.0,0.0,0.04760807752609253,0.0,0.13681572675704956,1.0,2.0,0.0,0.0,M S,Brentford,0.0,0.04760807752609253,0.1891683042049408,0.052352577447891235,BRE
287,9681.0,Frank Onyeka,1.0,6.0,0.0,0.0,0.0,0.0,0.0,0.0,0.0,0.0,S,Brentford,0.0,0.0,0.0,0.0,BRE
288,9683.0,Mads Bech Sørensen,2.0,11.0,0.0,0.0,0.0,0.0,0.0,0.0,0.0,0.0,S,Brentford,0.0,0.0,0.014539806172251701,0.014539806172251701,BRE
289,9685.0,Mads Roerslev,1.0,90.0,0.0,0.0,0.0,0.0,0.0,0.0,0.0,0.0,D,Brentford,0.0,0.0,0.0,0.0,BRE
290,9686.0,Halil Dervisoglu,1.0,5.0,0.0,0.06689238548278809,0.0,0.0,2.0,0.0,0.0,0.0,S,Brentford,0.0,0.06689238548278809,0.06689238548278809,0.0,BRE
291,9689.0,Albert Sambi Lokonga,1.0,1.0,0.0,0.0,0.0,0.0,0.0,0.0,0.0,0.0,S,Arsenal,0.0,0.0,0.0,0.0,ARS
292,9710.0,Armel Bella Kotchap,1.0,90.0,0.0,0.05100942775607109,0.0,0.0,1.0,0.0,0.0,0.0,D,Southampton,0.0,0.05100942775607109,0.7536981701850891,0.7026887536048889,SOU
293,9733.0,Nathan Collins,2.0,180.0,0.0,0.0,0.0,0.0,0.0,0.0,0.0,0.0,D,Wolverhampton Wanderers,0.0,0.0,0.6622397005558014,0.6622397005558014,WOL
294,9734.0,Enock Mwepu,2.0,35.0,0.0,0.0,0.0,0.13043025881052017,0.0,2.0,0.0,0.0,S,Brighton,0.0,0.0,0.01999717205762863,0.01999717205762863,BHA
295,9738.0,Patson Daka,2.0,39.0,0.0,0.07953464984893799,0.0,0.0,1.0,0.0,0.0,0.0,S,Leicester,0.0,0.07953464984893799,0.14278340339660645,0.06324876099824905,LEI
296,9740.0,José Sá,2.0,180.0,0.0,0.0,0.0,0.0,0.0,0.0,0.0,0.0,GK,Wolverhampton Wanderers,0.0,0.0,0.017455780878663063,0.017455780878663063,WOL
297,9741.0,Chem Campbell,1.0,3.0,0.0,0.0,0.0,0.0,0.0,0.0,0.0,0.0,S,Wolverhampton Wanderers,0.0,0.0,0.0,0.0,WOL
298,9912.0,Cameron Archer,1.0,5.0,0.0,0.0,0.0,0.0,0.0,0.0,0.0,0.0,S,Aston Villa,0.0,0.0,0.0,0.0,AVL
299,9914.0,Shandon Baptiste,2.0,28.0,0.0,0.0,0.0,0.0,0.0,0.0,0.0,0.0,S,Brentford,0.0,0.0,0.0,0.0,BRE
300,10004.0,Romeo Lavia,2.0,180.0,0.0,0.018676353618502617,0.0,0.01800742745399475,1.0,1.0,0.0,0.0,M,Southampton,0.0,0.018676353618502617,0.7206961512565613,0.7026887536048889,SOU
301,10291.0,Vitalii Mykolenko,2.0,180.0,0.0,0.08910238742828369,0.0,0.15265565365552902,1.0,3.0,1.0,0.0,D,Everton,0.0,0.08910238742828369,0.17516650259494781,0.04442970082163811,EVE
302,10292.0,Nathan Patterson,2.0,180.0,0.0,0.07042916119098663,0.0,0.0,2.0,0.0,0.0,0.0,D,Everton,0.0,0.07042916119098663,0.11546020209789276,0.11546020209789276,EVE
303,10408.0,Luis Díaz,1.0,80.0,0.0,0.1780596822500229,0.0,0.0,2.0,0.0,0.0,0.0,F,Liverpool,0.0,0.1780596822500229,0.6517009735107422,0.5903128385543823,LIV
304,10552.0,Alejandro Garnacho,1.0,1.0,0.0,0.0,0.0,0.0,0.0,0.0,0.0,0.0,S,Manchester United,0.0,0.0,0.0,0.0,MUN
305,10698.0,Malcolm Ebiowei,1.0,3.0,0.0,0.0,0.0,0.0,0.0,0.0,0.0,0.0,S,Crystal Palace,0.0,0.0,0.0,0.0,CRY
306,10715.0,João Palhinha,2.0,180.0,0.0,0.12652352452278137,0.0,0.0,2.0,0.0,1.0,0.0,M,Fulham,0.0,0.12652352452278137,0.037738822400569916,0.037738822400569916,FUL
307,10716.0,Manor Solomon,1.0,22.0,0.0,0.0,0.0,0.0,0.0,0.0,0.0,0.0,S,Fulham,0.0,0.0,0.0,0.0,FUL
308,10718.0,Jay Stansfield,1.0,5.0,0.0,0.0,0.0,0.0,0.0,0.0,0.0,0.0,S,Fulham,0.0,0.0,0.0,0.0,FUL
309,10740.0,Jordan Zemura,1.0,90.0,0.0,0.0,0.0,0.08674071729183197,0.0,1.0,0.0,0.0,D,Bournemouth,0.0,0.0,0.349021852016449,0.2622811496257782,BOU
310,10741.0,Marcus Tavernier,2.0,173.0,0.0,0.0,0.0,0.3272783160209656,0.0,3.0,0.0,0.0,M,Bournemouth,0.0,0.0,0.31232890486717224,0.0,BOU
311,10742.0,Ben Pearson,2.0,165.0,0.0,0.042054176330566406,0.0,0.0,1.0,0.0,1.0,0.0,M,Bournemouth,0.0,0.042054176330566406,0.06880305707454681,0.02674887701869011,BOU
312,10744.0,Ryan Christie,2.0,68.0,0.0,0.0,0.0,0.0,0.0,0.0,0.0,0.0,M S,Bournemouth,0.0,0.0,0.0,0.0,BOU
313,10750.0,Rasmus Kristensen,2.0,180.0,0.0,0.19348464906215668,0.0,0.0,1.0,0.0,1.0,0.0,D,Leeds,0.0,0.19348464906215668,0.5112469792366028,0.5112469792366028,LEE
314,10751.0,Brenden Aaronson,2.0,177.0,0.0,0.08942502550780773,0.0,0.04044965282082558,3.0,1.0,1.0,0.0,M,Leeds,0.0,0.08942502550780773,0.14808612875640392,0.05866110324859619,LEE
315,10756.0,Joe Worrall,2.0,180.0,0.0,0.0,0.0,0.0,0.0,0.0,1.0,0.0,D,Nottingham Forest,0.0,0.0,0.20220129936933517,0.20220129936933517,NOT
316,10757.0,Scott McKenna,2.0,180.0,0.0,0.0,0.0,0.0,0.0,0.0,1.0,0.0,D,Nottingham Forest,0.0,0.0,0.17677545547485352,0.17677545547485352,NOT
317,10758.0,Harry Toffolo,2.0,180.0,0.0,0.0,0.0,0.17677545547485352,0.0,2.0,0.0,0.0,D M,Nottingham Forest,0.0,0.0,0.3815452605485916,0.33199119567871094,NOT
318,10759.0,Lewis O&#039;Brien,2.0,167.0,0.0,0.01648869924247265,0.0,0.0,1.0,0.0,1.0,0.0,M,Nottingham Forest,0.0,0.01648869924247265,0.3368667960166931,0.3203780949115753,NOT
319,10760.0,Brennan Johnson,2.0,180.0,0.0,0.11072126030921936,0.0,0.5744911432266235,2.0,1.0,1.0,0.0,F,Nottingham Forest,0.0,0.11072126030921936,0.8124337792396545,0.12722137570381165,NOT
320,10761.0,Alex Mighten,1.0,5.0,0.0,0.0,0.0,0.0,0.0,0.0,0.0,0.0,S,Nottingham Forest,0.0,0.0,0.0,0.0,NOT
321,10765.0,Gavin Bazunu,2.0,180.0,0.0,0.0,0.0,0.0,0.0,0.0,0.0,0.0,GK,Southampton,0.0,0.0,0.278778076171875,0.278778076171875,SOU
322,10802.0,Lisandro Martínez,2.0,140.0,0.0,0.07725168764591217,0.0,0.0,3.0,0.0,1.0,0.0,D,Manchester United,0.0,0.07725168764591217,0.30554109811782837,0.29203978180885315,MUN
323,10803.0,Tyrell Malacia,2.0,41.0,0.0,0.014477662742137909,0.0,0.0,1.0,0.0,0.0,0.0,S,Manchester United,0.0,0.014477662742137909,0.09529895335435867,0.08082129061222076,MUN
324,10804.0,Deniz Undav,1.0,1.0,0.0,0.0,0.0,0.0,0.0,0.0,0.0,0.0,S,Brighton,0.0,0.0,0.0,0.0,BHA
325,10805.0,Levi Colwill,1.0,1.0,0.0,0.0,0.0,0.0,0.0,0.0,0.0,0.0,S,Brighton,0.0,0.0,0.0,0.0,BHA
326,10806.0,Kaoru Mitoma,1.0,13.0,0.0,0.0,0.0,0.5221533179283142,0.0,1.0,0.0,0.0,S,Brighton,0.0,0.0,0.5221533179283142,0.0,BHA
327,10809.0,Keane Lewis-Potter,1.0,30.0,0.0,0.0,0.0,0.0,0.0,0.0,0.0,0.0,S,Brentford,0.0,0.0,0.0,0.0,BRE
328,10845.0,Flynn Downes,1.0,1.0,0.0,0.0,0.0,0.0,0.0,0.0,0.0,0.0,S,West Ham,0.0,0.0,0.0,0.0,WHU
329,10846.0,Julián Álvarez,2.0,20.0,0.0,0.08071304857730865,0.0,0.0,1.0,0.0,0.0,0.0,S,Manchester City,0.0,0.08071304857730865,0.0995681956410408,0.018855145201086998,MCI
330,10847.0,Rico Lewis,1.0,4.0,0.0,0.0,0.0,0.0,0.0,0.0,0.0,0.0,S,Manchester City,0.0,0.0,0.0,0.0,MCI
331,10864.0,Marcos Senesi,1.0,6.0,0.0,0.0,0.0,0.0,0.0,0.0,0.0,0.0,S,Bournemouth,0.0,0.0,0.02674887701869011,0.02674887701869011,BOU
332,10865.0,Jamal Lowe,1.0,1.0,0.0,0.0,0.0,0.0,0.0,0.0,0.0,0.0,S,Bournemouth,0.0,0.0,0.0,0.0,BOU
333,10866.0,Luis Sinisterra,1.0,2.0,0.0,0.0,0.0,0.0,0.0,0.0,0.0,0.0,S,Leeds,0.0,0.0,0.0,0.0,LEE
